"","x"
"1","1190002N15Rik"
"2","1200007C13Rik"
"3","1500009L16Rik"
"4","1500015O10Rik"
"5","1700086L19Rik"
"6","1810011O10Rik"
"7","1810041L15Rik"
"8","2010111I01Rik"
"9","2200002D01Rik"
"10","2810001G20Rik"
"11","2810417H13Rik"
"12","2810474O19Rik"
"13","3110079O15Rik"
"14","3222401L13Rik"
"15","3830403N18Rik"
"16","4930523C07Rik"
"17","5930412G12Rik"
"18","6330403K07Rik"
"19","8430408G22Rik"
"20","A230065H16Rik"
"21","A2m"
"22","A330069E16Rik"
"23","AW112010"
"24","AW551984"
"25","Aard"
"26","Abca1"
"27","Abca8a"
"28","Abca9"
"29","Abcc9"
"30","Abhd2"
"31","Abi3bp"
"32","Ablim1"
"33","Acan"
"34","Ace"
"35","Ackr3"
"36","Ackr4"
"37","Acot1"
"38","Acot2"
"39","Acox1"
"40","Acox3"
"41","Acp5"
"42","Acss3"
"43","Acta1"
"44","Acta2"
"45","Actg2"
"46","Adam12"
"47","Adam33"
"48","Adamdec1"
"49","Adamts1"
"50","Adamts14"
"51","Adamts15"
"52","Adamts18"
"53","Adamts2"
"54","Adamts4"
"55","Adamts5"
"56","Adamts8"
"57","Adamts9"
"58","Adamtsl1"
"59","Adamtsl3"
"60","Adap2"
"61","Adcy2"
"62","Adcyap1r1"
"63","Add3"
"64","Adgra2"
"65","Adgrd1"
"66","Adgrf5"
"67","Adgrg2"
"68","Adgrg6"
"69","Adgrl2"
"70","Adgrl3"
"71","Adh1"
"72","Adipoq"
"73","Adm"
"74","Adra2a"
"75","Adrb2"
"76","Adrb3"
"77","Aebp1"
"78","Afap1l2"
"79","Aff3"
"80","Agl"
"81","Agt"
"82","Agtr1a"
"83","Agtr2"
"84","Ahcyl2"
"85","Ahnak2"
"86","Ak3"
"87","Akap12"
"88","Akr1c14"
"89","Alas2"
"90","Alcam"
"91","Aldh1a2"
"92","Aldh1a3"
"93","Aldh3a1"
"94","Alox12"
"95","Alpl"
"96","Alx1"
"97","Amot"
"98","Amotl2"
"99","Amy1"
"100","Angpt1"
"101","Angpt2"
"102","Angpt4"
"103","Angptl1"
"104","Angptl2"
"105","Angptl4"
"106","Angptl7"
"107","Ank"
"108","Ank2"
"109","Ank3"
"110","Ankrd12"
"111","Ankrd37"
"112","Ankrd44"
"113","Anln"
"114","Ano1"
"115","Ano6"
"116","Anpep"
"117","Antxr1"
"118","Anxa1"
"119","Anxa3"
"120","Anxa8"
"121","Aoc3"
"122","Ap1s2"
"123","Apbb1ip"
"124","Apbb2"
"125","Apod"
"126","Apoe"
"127","Apold1"
"128","Aqp1"
"129","Ar"
"130","Arap2"
"131","Arc"
"132","Arhgap20"
"133","Arhgap24"
"134","Arhgap29"
"135","Arhgap6"
"136","Arhgdib"
"137","Arid5a"
"138","Arid5b"
"139","Arl4a"
"140","Arl4d"
"141","Arl6ip1"
"142","Arrdc3"
"143","Arrdc4"
"144","Arsi"
"145","Arsj"
"146","Art3"
"147","Asb4"
"148","Asf1b"
"149","Aspm"
"150","Aspn"
"151","Atad2"
"152","Atcayos"
"153","Atf3"
"154","Atf5"
"155","Atp1a2"
"156","Atp1b1"
"157","Atp1b2"
"158","Atp2b4"
"159","Atp6v0a4"
"160","Aurka"
"161","Aurkb"
"162","Avpr1a"
"163","Axl"
"164","B230312C02Rik"
"165","B3galnt1"
"166","B3galt2"
"167","B830012L14Rik"
"168","B930036N10Rik"
"169","BC028528"
"170","Bace2"
"171","Bach1"
"172","Baiap2"
"173","Bambi"
"174","Barx1"
"175","Barx2"
"176","Basp1"
"177","Batf3"
"178","Bcl11b"
"179","Bcl2"
"180","Bcl2l11"
"181","Bcl3"
"182","Bdnf"
"183","Bex1"
"184","Bex2"
"185","Bglap"
"186","Bglap2"
"187","Bglap3"
"188","Bhlhe40"
"189","Bhlhe41"
"190","Bicc1"
"191","Birc3"
"192","Birc5"
"193","Bmp2"
"194","Bmp2k"
"195","Bmp3"
"196","Bmp4"
"197","Bmp5"
"198","Bmp7"
"199","Bmp8a"
"200","Bmper"
"201","Bmx"
"202","Bnc2"
"203","Bnip3"
"204","Boc"
"205","Bok"
"206","Bst2"
"207","Btbd3"
"208","Btg2"
"209","Bub1"
"210","C1qa"
"211","C1qb"
"212","C1qc"
"213","C1qtnf2"
"214","C1qtnf3"
"215","C1qtnf4"
"216","C1qtnf7"
"217","C1ra"
"218","C1s1"
"219","C2"
"220","C2cd4b"
"221","C3"
"222","C4b"
"223","C5ar2"
"224","C6"
"225","Cadm1"
"226","Cadm3"
"227","Calca"
"228","Calcrl"
"229","Calml3"
"230","Caln1"
"231","Camk2n1"
"232","Camk4"
"233","Camp"
"234","Capg"
"235","Capn6"
"236","Caprin2"
"237","Car12"
"238","Car2"
"239","Car3"
"240","Car8"
"241","Casp12"
"242","Casp4"
"243","Casq2"
"244","Cav1"
"245","Cavin2"
"246","Cbfa2t3"
"247","Cbln1"
"248","Cbln2"
"249","Cbr3"
"250","Ccbe1"
"251","Ccdc102a"
"252","Ccdc3"
"253","Ccdc34"
"254","Ccdc80"
"255","Cck"
"256","Ccl11"
"257","Ccl19"
"258","Ccl2"
"259","Ccl3"
"260","Ccl5"
"261","Ccl7"
"262","Ccl9"
"263","Ccna2"
"264","Ccnb1"
"265","Ccnb2"
"266","Ccnd1"
"267","Ccnd2"
"268","Ccne1"
"269","Ccne2"
"270","Ccng2"
"271","Cd109"
"272","Cd1d1"
"273","Cd200"
"274","Cd248"
"275","Cd24a"
"276","Cd27"
"277","Cd34"
"278","Cd36"
"279","Cd44"
"280","Cd52"
"281","Cd55"
"282","Cd59a"
"283","Cd74"
"284","Cd79a"
"285","Cd83"
"286","Cd93"
"287","Cdc20"
"288","Cdc42ep2"
"289","Cdc42ep3"
"290","Cdca3"
"291","Cdca8"
"292","Cdh11"
"293","Cdh13"
"294","Cdh15"
"295","Cdh2"
"296","Cdh4"
"297","Cdh5"
"298","Cdk1"
"299","Cdk6"
"300","Cdkn1a"
"301","Cdkn1b"
"302","Cdkn1c"
"303","Cdkn2c"
"304","Cdkn3"
"305","Cdo1"
"306","Cdon"
"307","Cebpa"
"308","Cebpb"
"309","Celf2"
"310","Celf4"
"311","Cemip"
"312","Cenpa"
"313","Cenpe"
"314","Cenpf"
"315","Cenpm"
"316","Cenpw"
"317","Cers4"
"318","Cfb"
"319","Cfh"
"320","Cgnl1"
"321","Cgref1"
"322","Ch25h"
"323","Chad"
"324","Chadl"
"325","Chchd10"
"326","Chd7"
"327","Chil1"
"328","Chka"
"329","Chl1"
"330","Chn1"
"331","Chodl"
"332","Chrdl1"
"333","Chst1"
"334","Chst11"
"335","Chst2"
"336","Cilp"
"337","Cilp2"
"338","Cited1"
"339","Cited2"
"340","Ckap2"
"341","Ckap2l"
"342","Ckb"
"343","Cks2"
"344","Cldn1"
"345","Cldn10"
"346","Cldn11"
"347","Cldn5"
"348","Clec11a"
"349","Clec14a"
"350","Clec2d"
"351","Clec3b"
"352","Clspn"
"353","Clu"
"354","Cmtm3"
"355","Cmtm5"
"356","Cmtm8"
"357","Cnn1"
"358","Cnn2"
"359","Cnnm1"
"360","Cnrip1"
"361","Cntfr"
"362","Cntn1"
"363","Cntnap2"
"364","Cobl"
"365","Coch"
"366","Col10a1"
"367","Col11a1"
"368","Col11a2"
"369","Col12a1"
"370","Col13a1"
"371","Col14a1"
"372","Col15a1"
"373","Col16a1"
"374","Col18a1"
"375","Col1a1"
"376","Col22a1"
"377","Col23a1"
"378","Col24a1"
"379","Col25a1"
"380","Col26a1"
"381","Col27a1"
"382","Col2a1"
"383","Col3a1"
"384","Col4a1"
"385","Col4a2"
"386","Col5a1"
"387","Col5a2"
"388","Col5a3"
"389","Col6a3"
"390","Col6a5"
"391","Col6a6"
"392","Col8a1"
"393","Col8a2"
"394","Col9a1"
"395","Col9a2"
"396","Col9a3"
"397","Colec11"
"398","Colgalt2"
"399","Comp"
"400","Coro1a"
"401","Cotl1"
"402","Cox4i2"
"403","Cox6b2"
"404","Cp"
"405","Cpe"
"406","Cped1"
"407","Cpm"
"408","Cpne8"
"409","Cpq"
"410","Cpxm1"
"411","Cpxm2"
"412","Cpz"
"413","Crabp1"
"414","Crabp2"
"415","Creb3l1"
"416","Creb3l3"
"417","Creb5"
"418","Crim1"
"419","Crip1"
"420","Crip2"
"421","Crispld1"
"422","Crispld2"
"423","Crlf1"
"424","Cryab"
"425","Crym"
"426","Csf1"
"427","Csgalnact1"
"428","Csmd1"
"429","Cspg4"
"430","Csrnp1"
"431","Csrp1"
"432","Csrp2"
"433","Cst6"
"434","Ctgf"
"435","Cthrc1"
"436","Ctla2a"
"437","Ctsc"
"438","Ctsh"
"439","Ctsk"
"440","Ctsw"
"441","Cttnbp2"
"442","Cx3cl1"
"443","Cx3cr1"
"444","Cxadr"
"445","Cxcl1"
"446","Cxcl10"
"447","Cxcl12"
"448","Cxcl13"
"449","Cxcl14"
"450","Cxcl16"
"451","Cxcl2"
"452","Cxcl5"
"453","Cxcl9"
"454","Cybb"
"455","Cyfip2"
"456","Cygb"
"457","Cyp1b1"
"458","Cyp26a1"
"459","Cyp26b1"
"460","Cyp51"
"461","Cyr61"
"462","Cys1"
"463","Cystm1"
"464","Cytl1"
"465","Daam2"
"466","Dab2"
"467","Dact1"
"468","Dapk1"
"469","Dapk2"
"470","Dapl1"
"471","Dbp"
"472","Dclk1"
"473","Dcn"
"474","Dcx"
"475","Ddah1"
"476","Ddah2"
"477","Ddit3"
"478","Ddit4"
"479","Ddit4l"
"480","Ddx3y"
"481","Dennd5b"
"482","Depdc1a"
"483","Deptor"
"484","Des"
"485","Dhfr"
"486","Dhrs3"
"487","Dhx58os"
"488","Dio2"
"489","Dio3"
"490","Dkk1"
"491","Dkk2"
"492","Dkk3"
"493","Dlg5"
"494","Dlgap1"
"495","Dlgap5"
"496","Dlk1"
"497","Dlx3"
"498","Dlx5"
"499","Dlx6"
"500","Dmd"
"501","Dmkn"
"502","Dmp1"
"503","Dnajb1"
"504","Dnajb4"
"505","Dnajb9"
"506","Dnm3"
"507","Dnm3os"
"508","Dock10"
"509","Dpep1"
"510","Dpp4"
"511","Dpt"
"512","Dpysl3"
"513","Dqx1"
"514","Dtl"
"515","Dusp1"
"516","Dusp10"
"517","Dusp14"
"518","Dusp2"
"519","Dusp3"
"520","Dusp5"
"521","Dusp6"
"522","E130114P18Rik"
"523","E330013P04Rik"
"524","Ebf1"
"525","Ebf2"
"526","Ebf3"
"527","Ece1"
"528","Ecm1"
"529","Ecm2"
"530","Edar"
"531","Edil3"
"532","Edn1"
"533","Ednra"
"534","Eepd1"
"535","Efemp1"
"536","Efhd1"
"537","Efna5"
"538","Efnb2"
"539","Egfl6"
"540","Egfl7"
"541","Egfr"
"542","Egr1"
"543","Egr2"
"544","Egr4"
"545","Ehd3"
"546","Eif2s3y"
"547","Ell2"
"548","Elmo1"
"549","Eln"
"550","Elovl4"
"551","Emb"
"552","Emcn"
"553","Emilin2"
"554","Emp1"
"555","Emx2"
"556","En1"
"557","Enc1"
"558","Eng"
"559","Enho"
"560","Eno3"
"561","Enpep"
"562","Enpp1"
"563","Enpp2"
"564","Enpp5"
"565","Enpp6"
"566","Entpd2"
"567","Entpd3"
"568","Epas1"
"569","Epb41l4b"
"570","Epcam"
"571","Epdr1"
"572","Epha3"
"573","Epha4"
"574","Epha5"
"575","Epha7"
"576","Eps8l2"
"577","Epyc"
"578","Erg"
"579","Errfi1"
"580","Esam"
"581","Esco2"
"582","Esm1"
"583","Esr1"
"584","Ets1"
"585","Ets2"
"586","Etv1"
"587","Etv5"
"588","Eva1a"
"589","Eva1c"
"590","Eya1"
"591","Eya2"
"592","Ezr"
"593","F13a1"
"594","F2r"
"595","F3"
"596","F5"
"597","F830016B08Rik"
"598","Fabp3"
"599","Fabp4"
"600","Fabp5"
"601","Fabp7"
"602","Fam101a"
"603","Fam102b"
"604","Fam107b"
"605","Fam111a"
"606","Fam129a"
"607","Fam13a"
"608","Fam174b"
"609","Fam180a"
"610","Fam181b"
"611","Fam198b"
"612","Fam19a5"
"613","Fam20a"
"614","Fam20c"
"615","Fam212a"
"616","Fam213a"
"617","Fam43a"
"618","Fam46a"
"619","Fam64a"
"620","Fam69a"
"621","Fam71a"
"622","Fam78b"
"623","Fam89a"
"624","Fap"
"625","Fat3"
"626","Fat4"
"627","Fblim1"
"628","Fbln1"
"629","Fbln2"
"630","Fbln5"
"631","Fbln7"
"632","Fbn1"
"633","Fbn2"
"634","Fbxo32"
"635","Fbxo5"
"636","Fcer1g"
"637","Fdft1"
"638","Fdps"
"639","Fez1"
"640","Ffar4"
"641","Fgd4"
"642","Fgd6"
"643","Fgf18"
"644","Fgf7"
"645","Fgf9"
"646","Fgfr2"
"647","Fgfr3"
"648","Fgfrl1"
"649","Fgl2"
"650","Fhl1"
"651","Fhl2"
"652","Fibin"
"653","Fign"
"654","Filip1l"
"655","Fjx1"
"656","Fkbp11"
"657","Flnc"
"658","Flrt2"
"659","Flrt3"
"660","Flt1"
"661","Fmo1"
"662","Fmo2"
"663","Fmod"
"664","Fn1"
"665","Fndc1"
"666","Folr2"
"667","Fos"
"668","Fosb"
"669","Fosl1"
"670","Fosl2"
"671","Foxa3"
"672","Foxc1"
"673","Foxc2"
"674","Foxd1"
"675","Foxo3"
"676","Foxp1"
"677","Foxp2"
"678","Foxq1"
"679","Foxs1"
"680","Frmd4a"
"681","Frmd4b"
"682","Frmd6"
"683","Fry"
"684","Frzb"
"685","Fst"
"686","Fstl1"
"687","Fxyd2"
"688","Fxyd3"
"689","Fxyd5"
"690","Fxyd6"
"691","Fxyd7"
"692","Fyn"
"693","Fzd1"
"694","Fzd4"
"695","Fzd5"
"696","Fzd8"
"697","Fzd9"
"698","G0s2"
"699","Gadd45a"
"700","Gadd45b"
"701","Gadd45g"
"702","Gal"
"703","Gale"
"704","Galnt16"
"705","Galr2"
"706","Gap43"
"707","Gas1"
"708","Gas2"
"709","Gas6"
"710","Gas7"
"711","Gbp2"
"712","Gbp3"
"713","Gbp5"
"714","Gbp7"
"715","Gclc"
"716","Gcnt2"
"717","Gdf10"
"718","Gdf15"
"719","Gdf5"
"720","Gdf6"
"721","Gdpd2"
"722","Gdpd3"
"723","Gem"
"724","Gfod2"
"725","Gfpt2"
"726","Gfra1"
"727","Gfra2"
"728","Ggt5"
"729","Ghr"
"730","Gimap6"
"731","Gja1"
"732","Gja4"
"733","Gjb2"
"734","Gjc1"
"735","Glipr2"
"736","Glrx"
"737","Glul"
"738","Gm10600"
"739","Gm11713"
"740","Gm12216"
"741","Gm12840"
"742","Gm13075"
"743","Gm13889"
"744","Gm14964"
"745","Gm15222"
"746","Gm15261"
"747","Gm16685"
"748","Gm17056"
"749","Gm17455"
"750","Gm26523"
"751","Gm26532"
"752","Gm266"
"753","Gm26632"
"754","Gm26648"
"755","Gm26724"
"756","Gm26735"
"757","Gm26737"
"758","Gm26771"
"759","Gm26772"
"760","Gm26802"
"761","Gm26870"
"762","Gm26909"
"763","Gm26917"
"764","Gm2694"
"765","Gm2a"
"766","Gm36266"
"767","Gm43409"
"768","Gm4841"
"769","Gm4951"
"770","Gm525"
"771","Gm5483"
"772","Gmfg"
"773","Gmnn"
"774","Gnai1"
"775","Gnao1"
"776","Gng11"
"777","Gpc1"
"778","Gpc3"
"779","Gpc6"
"780","Gpha2"
"781","Gpm6b"
"782","Gpnmb"
"783","Gpr171"
"784","Gpr50"
"785","Gpr88"
"786","Gprc5a"
"787","Gprc5c"
"788","Gprin3"
"789","Gpsm3"
"790","Gpx3"
"791","Grasp"
"792","Grb14"
"793","Grem1"
"794","Grem2"
"795","Gria1"
"796","Gria3"
"797","Grina"
"798","Grp"
"799","Gsc"
"800","Gsn"
"801","Gsta4"
"802","Gstm1"
"803","Gstm2"
"804","Gstt1"
"805","Guca1a"
"806","Gucy1a3"
"807","Gulp1"
"808","Gxylt2"
"809","Gypa"
"810","Gzme"
"811","H19"
"812","H1f0"
"813","H1fx"
"814","H2-Aa"
"815","H2-Ab1"
"816","H2-D1"
"817","H2-DMa"
"818","H2-DMb1"
"819","H2-K1"
"820","H2-Q10"
"821","H2-Q4"
"822","H2-Q6"
"823","H2-Q7"
"824","H2-T23"
"825","H2afx"
"826","Hacd4"
"827","Hand2"
"828","Hapln1"
"829","Has1"
"830","Has2"
"831","Hcar2"
"832","Hdac7"
"833","Heg1"
"834","Hells"
"835","Heph"
"836","Hes1"
"837","Hexim1"
"838","Hey1"
"839","Heyl"
"840","Hgf"
"841","Hhip"
"842","Hic1"
"843","Higd1b"
"844","Hilpda"
"845","Hist1h1a"
"846","Hist1h1b"
"847","Hist1h1c"
"848","Hist1h1d"
"849","Hist1h1e"
"850","Hist1h2ae"
"851","Hist1h2ap"
"852","Hist1h2bc"
"853","Hist1h3c"
"854","Hist1h4d"
"855","Hist1h4i"
"856","Hist3h2a"
"857","Hist3h2ba"
"858","Hist4h4"
"859","Hivep2"
"860","Hivep3"
"861","Hk2"
"862","Hlf"
"863","Hmcn1"
"864","Hmga2"
"865","Hmgb2"
"866","Hmgcll1"
"867","Hmgcr"
"868","Hmgcs1"
"869","Hmgcs2"
"870","Hmgn5"
"871","Hmmr"
"872","Hmox1"
"873","Hopx"
"874","Hoxa9"
"875","Hoxb2"
"876","Hoxb4"
"877","Hoxd9"
"878","Hp"
"879","Hpgd"
"880","Hrc"
"881","Hrct1"
"882","Hs3st1"
"883","Hs3st3a1"
"884","Hs3st3b1"
"885","Hs3st6"
"886","Hs6st2"
"887","Hsd11b1"
"888","Hsd11b2"
"889","Hsf2"
"890","Hsf2bp"
"891","Hspa1a"
"892","Hspa1b"
"893","Hspb1"
"894","Hspb8"
"895","Htra1"
"896","Htra3"
"897","Hvcn1"
"898","Ibsp"
"899","Icam1"
"900","Id1"
"901","Id2"
"902","Id4"
"903","Idi1"
"904","Ier2"
"905","Ier3"
"906","Ier5"
"907","Ier5l"
"908","Ifi203"
"909","Ifi204"
"910","Ifi27l2a"
"911","Ifi44"
"912","Ifi47"
"913","Ifih1"
"914","Ifit1"
"915","Ifit3"
"916","Ifitm1"
"917","Ifitm3"
"918","Ifitm5"
"919","Ifrd1"
"920","Igf1"
"921","Igf2"
"922","Igfbp2"
"923","Igfbp3"
"924","Igfbp4"
"925","Igfbp5"
"926","Igfbp6"
"927","Igfbp7"
"928","Igsf10"
"929","Igsf3"
"930","Igtp"
"931","Ihh"
"932","Iigp1"
"933","Ikzf2"
"934","Il11"
"935","Il11ra1"
"936","Il12a"
"937","Il15"
"938","Il17b"
"939","Il17d"
"940","Il17ra"
"941","Il1b"
"942","Il1r1"
"943","Il1rl1"
"944","Il1rn"
"945","Il33"
"946","Il34"
"947","Il4ra"
"948","Il6"
"949","Il7"
"950","Ildr2"
"951","Incenp"
"952","Inhba"
"953","Insc"
"954","Insig1"
"955","Irf1"
"956","Irf7"
"957","Irf8"
"958","Irgm1"
"959","Irgm2"
"960","Irs2"
"961","Irx1"
"962","Irx3"
"963","Irx5"
"964","Isg15"
"965","Islr"
"966","Ism1"
"967","Itga1"
"968","Itga10"
"969","Itga11"
"970","Itga6"
"971","Itga7"
"972","Itga8"
"973","Itga9"
"974","Itgb3"
"975","Itgbl1"
"976","Itih5"
"977","Itm2a"
"978","Itpr2"
"979","Jag1"
"980","Jam2"
"981","Jdp2"
"982","Jun"
"983","Junb"
"984","Jup"
"985","Kalrn"
"986","Kank1"
"987","Kazald1"
"988","Kazn"
"989","Kbtbd11"
"990","Kcne4"
"991","Kcnj2"
"992","Kcnj8"
"993","Kcnk1"
"994","Kcnk2"
"995","Kcnk3"
"996","Kcnma1"
"997","Kcnn4"
"998","Kcnq1ot1"
"999","Kcnq3"
"1000","Kctd12"
"1001","Kdm6b"
"1002","Kdm7a"
"1003","Kdr"
"1004","Kera"
"1005","Khdrbs2"
"1006","Kif11"
"1007","Kif15"
"1008","Kif20a"
"1009","Kif20b"
"1010","Kif22"
"1011","Kif23"
"1012","Kif2c"
"1013","Kit"
"1014","Kitl"
"1015","Klf10"
"1016","Klf2"
"1017","Klf3"
"1018","Klf4"
"1019","Klf5"
"1020","Klf6"
"1021","Klf7"
"1022","Klf9"
"1023","Klhdc8b"
"1024","Klhl24"
"1025","Kng1"
"1026","Kng2"
"1027","Knstrn"
"1028","Kpna2"
"1029","Krt18"
"1030","Krt19"
"1031","Krtap17-1"
"1032","Krtdap"
"1033","Ksr1"
"1034","Lama2"
"1035","Lama4"
"1036","Lamb1"
"1037","Lamc1"
"1038","Lamc3"
"1039","Laptm5"
"1040","Lars2"
"1041","Lbh"
"1042","Lbp"
"1043","Lcn2"
"1044","Lcp2"
"1045","Ldb2"
"1046","Ldhb"
"1047","Ldlr"
"1048","Lect1"
"1049","Lef1"
"1050","Lepr"
"1051","Lfng"
"1052","Lgals1"
"1053","Lgals3"
"1054","Lgals3bp"
"1055","Lgals4"
"1056","Lgals7"
"1057","Lgals9"
"1058","Lgi1"
"1059","Lgr4"
"1060","Lgr5"
"1061","Lgr6"
"1062","Lhfpl2"
"1063","Lifr"
"1064","Lig1"
"1065","Lima1"
"1066","Limch1"
"1067","Lin7a"
"1068","Lipc"
"1069","Lix1"
"1070","Lmcd1"
"1071","Lmnb1"
"1072","Lmo1"
"1073","Lmo2"
"1074","Lmo7"
"1075","Lmod1"
"1076","Lockd"
"1077","Lox"
"1078","Loxl1"
"1079","Loxl2"
"1080","Loxl3"
"1081","Loxl4"
"1082","Lpar3"
"1083","Lpar4"
"1084","Lpar6"
"1085","Lpl"
"1086","Lrg1"
"1087","Lrig3"
"1088","Lrp4"
"1089","Lrp5"
"1090","Lrrc15"
"1091","Lrrc17"
"1092","Lrrc8a"
"1093","Lrrn1"
"1094","Lrrn3"
"1095","Lrrn4cl"
"1096","Lsamp"
"1097","Lsmem1"
"1098","Lsp1"
"1099","Lsr"
"1100","Ltbp1"
"1101","Ltbp2"
"1102","Ltbp4"
"1103","Lum"
"1104","Lurap1l"
"1105","Ly6a"
"1106","Ly6c1"
"1107","Ly6d"
"1108","Ly6e"
"1109","Ly6h"
"1110","Ly6k"
"1111","Lypd1"
"1112","Lyz2"
"1113","M1ap"
"1114","Mab21l2"
"1115","Maf"
"1116","Mafb"
"1117","Maff"
"1118","Mamdc2"
"1119","Man1a"
"1120","Man2a1"
"1121","Maob"
"1122","Map1b"
"1123","Marc1"
"1124","Marcksl1"
"1125","Marf1"
"1126","Mark1"
"1127","Matn1"
"1128","Matn2"
"1129","Matn3"
"1130","Matn4"
"1131","Mcam"
"1132","Mcm3"
"1133","Mcm5"
"1134","Mcm6"
"1135","Mdfi"
"1136","Mdfic"
"1137","Mdk"
"1138","Mecom"
"1139","Medag"
"1140","Mef2c"
"1141","Meg3"
"1142","Megf6"
"1143","Meis2"
"1144","Meox1"
"1145","Meox2"
"1146","Mepe"
"1147","Mest"
"1148","Metrnl"
"1149","Mettl7a1"
"1150","Mfap2"
"1151","Mfap4"
"1152","Mfap5"
"1153","Mfge8"
"1154","Mfi2"
"1155","Mgll"
"1156","Mgmt"
"1157","Mgp"
"1158","Mgst1"
"1159","Mgst3"
"1160","Mia"
"1161","Mical3"
"1162","Milr1"
"1163","Mir143hg"
"1164","Mirg"
"1165","Mis18bp1"
"1166","Mki67"
"1167","Mkx"
"1168","Mlf1"
"1169","Mlip"
"1170","Mllt3"
"1171","Mme"
"1172","Mmp10"
"1173","Mmp11"
"1174","Mmp13"
"1175","Mmp16"
"1176","Mmp19"
"1177","Mmp2"
"1178","Mmp23"
"1179","Mmp3"
"1180","Mmp9"
"1181","Mn1"
"1182","Mnda"
"1183","Mndal"
"1184","Moxd1"
"1185","Mpdz"
"1186","Mpp6"
"1187","Mpped2"
"1188","Mrap"
"1189","Mrc2"
"1190","Mrps6"
"1191","Ms4a4d"
"1192","Msc"
"1193","Msi2"
"1194","Msmo1"
"1195","Mstn"
"1196","Msx1"
"1197","Msx2"
"1198","Mt1"
"1199","Mt2"
"1200","Mt3"
"1201","Mtss1"
"1202","Mustn1"
"1203","Mxd1"
"1204","Mxd3"
"1205","Mxi1"
"1206","Myc"
"1207","Myh11"
"1208","Myl1"
"1209","Myl9"
"1210","Mylip"
"1211","Mylk"
"1212","Myo10"
"1213","Myo1b"
"1214","Myoc"
"1215","Naalad2"
"1216","Nav2"
"1217","Nav3"
"1218","Nbl1"
"1219","Ncald"
"1220","Ncam1"
"1221","Ncmap"
"1222","Ndc80"
"1223","Ndnf"
"1224","Ndrg1"
"1225","Ndrg2"
"1226","Ndufa4l2"
"1227","Neat1"
"1228","Nedd9"
"1229","Nefl"
"1230","Nefm"
"1231","Negr1"
"1232","Nell2"
"1233","Nes"
"1234","Net1"
"1235","Nexn"
"1236","Nfatc1"
"1237","Nfatc2"
"1238","Nfatc4"
"1239","Nfia"
"1240","Nfib"
"1241","Nfil3"
"1242","Nfkbia"
"1243","Nfkbie"
"1244","Nfkbiz"
"1245","Ngf"
"1246","Ngfr"
"1247","Ngp"
"1248","Nhs"
"1249","Nid1"
"1250","Nid2"
"1251","Nim1k"
"1252","Ninj1"
"1253","Ninl"
"1254","Nkd1"
"1255","Nkd2"
"1256","Nnat"
"1257","Nnmt"
"1258","Nog"
"1259","Nol4l"
"1260","Nos1ap"
"1261","Notch1"
"1262","Notch2"
"1263","Notch3"
"1264","Notum"
"1265","Nov"
"1266","Npnt"
"1267","Nppc"
"1268","Npr1"
"1269","Npr3"
"1270","Npy"
"1271","Npy1r"
"1272","Nr1d1"
"1273","Nr2f1"
"1274","Nr2f2"
"1275","Nr4a1"
"1276","Nr4a2"
"1277","Nr4a3"
"1278","Nrarp"
"1279","Nrep"
"1280","Nrgn"
"1281","Nrip1"
"1282","Nrip2"
"1283","Nrk"
"1284","Nrn1"
"1285","Nrp1"
"1286","Nrp2"
"1287","Nrtn"
"1288","Nrxn1"
"1289","Nsg1"
"1290","Nt5e"
"1291","Ntf3"
"1292","Ntm"
"1293","Ntn1"
"1294","Ntn4"
"1295","Ntng1"
"1296","Ntrk2"
"1297","Ntrk3"
"1298","Nuak1"
"1299","Nuf2"
"1300","Nupr1"
"1301","Nusap1"
"1302","Oasl2"
"1303","Ociad2"
"1304","Odc1"
"1305","Ogn"
"1306","Olfml1"
"1307","Olfml2a"
"1308","Olfml2b"
"1309","Olfml3"
"1310","Olfr558"
"1311","Omd"
"1312","Ooep"
"1313","Opcml"
"1314","Osmr"
"1315","Osr1"
"1316","Osr2"
"1317","Ostn"
"1318","Otor"
"1319","Otos"
"1320","Otud1"
"1321","P2ry14"
"1322","P3h2"
"1323","P4ha2"
"1324","P4ha3"
"1325","Palld"
"1326","Palmd"
"1327","Pam"
"1328","Pamr1"
"1329","Pantr1"
"1330","Panx3"
"1331","Pappa"
"1332","Pappa2"
"1333","Papss2"
"1334","Pard6g"
"1335","Parm1"
"1336","Parp14"
"1337","Pawr"
"1338","Pax1"
"1339","Pax9"
"1340","Pbk"
"1341","Pbx1"
"1342","Pcdh10"
"1343","Pcdh11x"
"1344","Pcdh17"
"1345","Pcdh18"
"1346","Pcdh19"
"1347","Pcdh7"
"1348","Pcdh9"
"1349","Pcdhb17"
"1350","Pcdhb7"
"1351","Pcdhb9"
"1352","Pcolce2"
"1353","Pcp4"
"1354","Pcp4l1"
"1355","Pcsk1n"
"1356","Pcsk5"
"1357","Pcsk6"
"1358","Pde10a"
"1359","Pde1a"
"1360","Pde2a"
"1361","Pde3a"
"1362","Pde4b"
"1363","Pde5a"
"1364","Pdgfa"
"1365","Pdgfc"
"1366","Pdgfra"
"1367","Pdgfrb"
"1368","Pdgfrl"
"1369","Pdk4"
"1370","Pdlim1"
"1371","Pdlim2"
"1372","Pdlim3"
"1373","Pdlim4"
"1374","Pdlim5"
"1375","Pdpn"
"1376","Pdzd2"
"1377","Pdzrn4"
"1378","Peak1"
"1379","Pear1"
"1380","Pecam1"
"1381","Peg10"
"1382","Peg3"
"1383","Peli1"
"1384","Penk"
"1385","Per3"
"1386","Perp"
"1387","Pf4"
"1388","Pgam2"
"1389","Pgf"
"1390","Pglyrp1"
"1391","Phactr1"
"1392","Phactr2"
"1393","Phex"
"1394","Phf11d"
"1395","Phgdh"
"1396","Phip"
"1397","Phkg1"
"1398","Phlda1"
"1399","Phlda2"
"1400","Phlda3"
"1401","Phldb2"
"1402","Pi15"
"1403","Pi16"
"1404","Pid1"
"1405","Piezo2"
"1406","Pik3ip1"
"1407","Pik3r1"
"1408","Pim1"
"1409","Pim3"
"1410","Pitpnc1"
"1411","Pitx1"
"1412","Pitx2"
"1413","Pkdcc"
"1414","Pla1a"
"1415","Pla2g16"
"1416","Pla2g5"
"1417","Plac8"
"1418","Plagl1"
"1419","Plat"
"1420","Plaur"
"1421","Plcb1"
"1422","Plce1"
"1423","Plekhg2"
"1424","Plekhh2"
"1425","Plin2"
"1426","Plk1"
"1427","Plk2"
"1428","Plod2"
"1429","Plpp1"
"1430","Plpp3"
"1431","Plppr3"
"1432","Plscr1"
"1433","Plscr2"
"1434","Pltp"
"1435","Plvap"
"1436","Plxdc2"
"1437","Plxna2"
"1438","Plxnd1"
"1439","Pmaip1"
"1440","Pmp22"
"1441","Podn"
"1442","Podnl1"
"1443","Postn"
"1444","Pou2f2"
"1445","Pou3f1"
"1446","Pou3f3"
"1447","Ppa1"
"1448","Pparg"
"1449","Ppbp"
"1450","Ppfibp2"
"1451","Ppm1n"
"1452","Ppp1r14a"
"1453","Ppp1r15a"
"1454","Ppp1r1b"
"1455","Ppp1r3c"
"1456","Ppp2r2b"
"1457","Prc1"
"1458","Prcp"
"1459","Prdm11"
"1460","Prdm16"
"1461","Prelp"
"1462","Prg4"
"1463","Prkab2"
"1464","Prkcd"
"1465","Prkg2"
"1466","Prlr"
"1467","Prnp"
"1468","Procr"
"1469","Prr15"
"1470","Prr16"
"1471","Prrx1"
"1472","Prrx2"
"1473","Prss12"
"1474","Prss23"
"1475","Prss35"
"1476","Prss50"
"1477","Psd4"
"1478","Psmb8"
"1479","Psmb9"
"1480","Psrc1"
"1481","Ptch1"
"1482","Ptchd1"
"1483","Ptchd4"
"1484","Ptcra"
"1485","Ptger3"
"1486","Ptger4"
"1487","Ptges"
"1488","Ptgfr"
"1489","Ptgis"
"1490","Ptgs2"
"1491","Pth1r"
"1492","Pthlh"
"1493","Ptn"
"1494","Ptp4a3"
"1495","Ptpn18"
"1496","Ptprd"
"1497","Ptpre"
"1498","Ptprs"
"1499","Ptprz1"
"1500","Ptx3"
"1501","Ptx4"
"1502","Pxdc1"
"1503","Pxdn"
"1504","Pycard"
"1505","Pygl"
"1506","Qpct"
"1507","R3hdml"
"1508","RP23-457J22.1"
"1509","Rab20"
"1510","Rab27b"
"1511","Rab3il1"
"1512","Rac2"
"1513","Racgap1"
"1514","Rad51ap1"
"1515","Rad51ap2"
"1516","Rai14"
"1517","Ralgps2"
"1518","Ramp1"
"1519","Ramp2"
"1520","Ramp3"
"1521","Rap2b"
"1522","Rapgef3"
"1523","Rapgef4"
"1524","Raph1"
"1525","Rarb"
"1526","Rarres2"
"1527","Rasa4"
"1528","Rasd1"
"1529","Rasgrp2"
"1530","Rasl11a"
"1531","Rasl11b"
"1532","Rassf2"
"1533","Rbms3"
"1534","Rbp1"
"1535","Rbp4"
"1536","Rbpms"
"1537","Rcan1"
"1538","Rdh10"
"1539","Rerg"
"1540","Retn"
"1541","Retnlg"
"1542","Rftn1"
"1543","Rgcc"
"1544","Rgs10"
"1545","Rgs16"
"1546","Rgs2"
"1547","Rgs3"
"1548","Rgs4"
"1549","Rgs5"
"1550","Rgs7bp"
"1551","Rhob"
"1552","Rhoj"
"1553","Ric1"
"1554","Rin2"
"1555","Rmnd1"
"1556","Rnase4"
"1557","Rnasel"
"1558","Rnd1"
"1559","Rnd3"
"1560","Rnf213"
"1561","Robo2"
"1562","Rom1"
"1563","Rora"
"1564","Rpgrip1"
"1565","Rprm"
"1566","Rrad"
"1567","Rrm1"
"1568","Rrm2"
"1569","Rsad2"
"1570","Rspo1"
"1571","Rspo2"
"1572","Rspo3"
"1573","Rtn1"
"1574","Rtp4"
"1575","Runx1"
"1576","Runx1t1"
"1577","Runx2"
"1578","Runx3"
"1579","S100a1"
"1580","S100a16"
"1581","S100a4"
"1582","S100a6"
"1583","S100a8"
"1584","S100a9"
"1585","S100b"
"1586","S1pr1"
"1587","S1pr3"
"1588","Saa1"
"1589","Saa3"
"1590","Sag"
"1591","Samd4"
"1592","Samd9l"
"1593","Samhd1"
"1594","Sat1"
"1595","Satb1"
"1596","Satb2"
"1597","Sbsn"
"1598","Sbspon"
"1599","Scara3"
"1600","Scara5"
"1601","Scd1"
"1602","Scd2"
"1603","Scg2"
"1604","Scg3"
"1605","Scin"
"1606","Scrg1"
"1607","Scube3"
"1608","Scx"
"1609","Sdc1"
"1610","Sdc3"
"1611","Sdc4"
"1612","Sdk2"
"1613","Sdpr"
"1614","Selenbp1"
"1615","Sema3a"
"1616","Sema3b"
"1617","Sema3c"
"1618","Sema3d"
"1619","Sema3e"
"1620","Sema5a"
"1621","Sema6a"
"1622","Sema6d"
"1623","Sema7a"
"1624","Sepp1"
"1625","Sept4"
"1626","Serinc5"
"1627","Serpina12"
"1628","Serpina1a"
"1629","Serpina1b"
"1630","Serpina1d"
"1631","Serpina3c"
"1632","Serpina3f"
"1633","Serpina3g"
"1634","Serpina3n"
"1635","Serpinb1a"
"1636","Serpine1"
"1637","Serpine2"
"1638","Serpinf1"
"1639","Serping1"
"1640","Sertad4"
"1641","Setbp1"
"1642","Sfn"
"1643","Sfrp1"
"1644","Sfrp2"
"1645","Sfrp4"
"1646","Sfrp5"
"1647","Sgk1"
"1648","Sgms2"
"1649","Sh3pxd2b"
"1650","Shisa2"
"1651","Shisa3"
"1652","Shisa4"
"1653","Shox2"
"1654","Shroom3"
"1655","Sik1"
"1656","Six1"
"1657","Six2"
"1658","Skil"
"1659","Slc12a2"
"1660","Slc13a5"
"1661","Slc16a2"
"1662","Slc16a3"
"1663","Slc16a9"
"1664","Slc1a3"
"1665","Slc1a5"
"1666","Slc20a1"
"1667","Slc20a2"
"1668","Slc24a5"
"1669","Slc26a2"
"1670","Slc26a7"
"1671","Slc2a1"
"1672","Slc2a3"
"1673","Slc36a2"
"1674","Slc38a1"
"1675","Slc38a11"
"1676","Slc38a6"
"1677","Slc39a1"
"1678","Slc40a1"
"1679","Slc4a1"
"1680","Slc5a3"
"1681","Slc6a6"
"1682","Slc7a11"
"1683","Slc8a3"
"1684","Slc9a3r1"
"1685","Slco1a4"
"1686","Slco2a1"
"1687","Slfn5"
"1688","Slfn8"
"1689","Slfn9"
"1690","Slit2"
"1691","Slit3"
"1692","Slitrk6"
"1693","Slpi"
"1694","Slurp1"
"1695","Smad6"
"1696","Smad7"
"1697","Smagp"
"1698","Smc2"
"1699","Smc4"
"1700","Smim1"
"1701","Smim3"
"1702","Smim5"
"1703","Smoc1"
"1704","Smoc2"
"1705","Smpd3"
"1706","Smpdl3a"
"1707","Snai1"
"1708","Snai2"
"1709","Snca"
"1710","Sncg"
"1711","Sned1"
"1712","Snhg11"
"1713","Sobp"
"1714","Socs1"
"1715","Socs2"
"1716","Socs3"
"1717","Sod3"
"1718","Sorbs2"
"1719","Sost"
"1720","Sostdc1"
"1721","Sowahc"
"1722","Sox11"
"1723","Sox4"
"1724","Sox5"
"1725","Sox6"
"1726","Sox8"
"1727","Sox9"
"1728","Sp100"
"1729","Sp7"
"1730","Spaca6"
"1731","Sparcl1"
"1732","Spc24"
"1733","Spc25"
"1734","Speg"
"1735","Sphk1"
"1736","Spint2"
"1737","Spns2"
"1738","Spock3"
"1739","Spon1"
"1740","Spon2"
"1741","Spp1"
"1742","Spry1"
"1743","Spry2"
"1744","Spry4"
"1745","Spsb1"
"1746","Sqle"
"1747","Srgn"
"1748","Srm"
"1749","Srpx2"
"1750","Srxn1"
"1751","Ssc5d"
"1752","Ssh2"
"1753","Sstr2"
"1754","St3gal6"
"1755","St5"
"1756","St8sia2"
"1757","Stat1"
"1758","Stat2"
"1759","Stat5a"
"1760","Stc1"
"1761","Stc2"
"1762","Steap3"
"1763","Steap4"
"1764","Stfa3"
"1765","Stk26"
"1766","Stmn1"
"1767","Stmn2"
"1768","Stmn4"
"1769","Stox2"
"1770","Stra6"
"1771","Stxbp6"
"1772","Sulf1"
"1773","Sulf2"
"1774","Sult1a1"
"1775","Sult5a1"
"1776","Susd2"
"1777","Susd5"
"1778","Svep1"
"1779","Svil"
"1780","Syne1"
"1781","Syne2"
"1782","Synm"
"1783","Synpo"
"1784","Syt6"
"1785","Syt8"
"1786","Tac1"
"1787","Tacc3"
"1788","Tagln"
"1789","Tagln2"
"1790","Tbx18"
"1791","Tbx2"
"1792","Tbx3os1"
"1793","Tbxa2r"
"1794","Tc2n"
"1795","Tcea3"
"1796","Tceal3"
"1797","Tcf15"
"1798","Tcf19"
"1799","Tcf7l2"
"1800","Tcn2"
"1801","Tcp11l2"
"1802","Tef"
"1803","Tek"
"1804","Tenm3"
"1805","Tenm4"
"1806","Tesc"
"1807","Tfap2b"
"1808","Tfpi"
"1809","Tfpi2"
"1810","Tfrc"
"1811","Tgfb1"
"1812","Tgfb1i1"
"1813","Tgfb2"
"1814","Tgfb3"
"1815","Tgfbi"
"1816","Tgfbr3"
"1817","Tgif1"
"1818","Tgm2"
"1819","Thbd"
"1820","Thbs1"
"1821","Thbs2"
"1822","Thbs3"
"1823","Thbs4"
"1824","Thsd4"
"1825","Thsd7a"
"1826","Thy1"
"1827","Tifa"
"1828","Timp1"
"1829","Timp3"
"1830","Timp4"
"1831","Tinagl1"
"1832","Tiparp"
"1833","Tk1"
"1834","Tle2"
"1835","Tln2"
"1836","Tm4sf1"
"1837","Tmeff2"
"1838","Tmem100"
"1839","Tmem119"
"1840","Tmem140"
"1841","Tmem158"
"1842","Tmem176a"
"1843","Tmem176b"
"1844","Tmem178"
"1845","Tmem2"
"1846","Tmem204"
"1847","Tmem213"
"1848","Tmem26"
"1849","Tmem37"
"1850","Tmem51"
"1851","Tmem86a"
"1852","Tmem97"
"1853","Tmod2"
"1854","Tmpo"
"1855","Tmtc2"
"1856","Tmx4"
"1857","Tnc"
"1858","Tnfaip2"
"1859","Tnfaip3"
"1860","Tnfaip6"
"1861","Tnfrsf11b"
"1862","Tnfrsf12a"
"1863","Tnfrsf19"
"1864","Tnfrsf21"
"1865","Tnfsf11"
"1866","Tnfsf9"
"1867","Tnmd"
"1868","Tnn"
"1869","Tnni1"
"1870","Tnni2"
"1871","Tnnt3"
"1872","Tns1"
"1873","Tns3"
"1874","Tnxb"
"1875","Tob1"
"1876","Tob2"
"1877","Top2a"
"1878","Tox"
"1879","Tpbg"
"1880","Tpd52l1"
"1881","Tpm2"
"1882","Tppp3"
"1883","Tpx2"
"1884","Trabd2b"
"1885","Trf"
"1886","Trib1"
"1887","Trib2"
"1888","Tril"
"1889","Trim12a"
"1890","Trim2"
"1891","Trim47"
"1892","Trp53i11"
"1893","Trp53inp1"
"1894","Trps1"
"1895","Trpv4"
"1896","Tsc22d3"
"1897","Tshz2"
"1898","Tslp"
"1899","Tspan11"
"1900","Tspan12"
"1901","Tspan13"
"1902","Tspan15"
"1903","Tspan18"
"1904","Tspan2"
"1905","Tspan4"
"1906","Tspan7"
"1907","Tspan8"
"1908","Tspo"
"1909","Ttc21a"
"1910","Ttyh2"
"1911","Ttyh3"
"1912","Tuba1c"
"1913","Tuba4a"
"1914","Tubb2a"
"1915","Tubb2b"
"1916","Tubb3"
"1917","Tubb4b"
"1918","Tubb6"
"1919","Tusc5"
"1920","Twist1"
"1921","Twist2"
"1922","Txnip"
"1923","Tyms"
"1924","Tyrobp"
"1925","Uba7"
"1926","Ube2c"
"1927","Ube2l6"
"1928","Uchl1"
"1929","Ucma"
"1930","Ucp2"
"1931","Ugdh"
"1932","Uhrf1"
"1933","Unc5b"
"1934","Unc5c"
"1935","Ung"
"1936","Upk1b"
"1937","Usp18"
"1938","Usp2"
"1939","Usp53"
"1940","Uvssa"
"1941","Vamp5"
"1942","Vcam1"
"1943","Vcan"
"1944","Vcl"
"1945","Vdr"
"1946","Vegfa"
"1947","Vegfc"
"1948","Vit"
"1949","Vldlr"
"1950","Vpreb3"
"1951","Vstm4"
"1952","Vtn"
"1953","Vwa1"
"1954","Wdr86"
"1955","Wfdc1"
"1956","Wfdc12"
"1957","Wfdc2"
"1958","Wfdc21"
"1959","Wfikkn2"
"1960","Wif1"
"1961","Wisp1"
"1962","Wisp2"
"1963","Wnk4"
"1964","Wnt11"
"1965","Wnt16"
"1966","Wnt2"
"1967","Wnt4"
"1968","Wnt5b"
"1969","Wnt9a"
"1970","Wwp2"
"1971","Xaf1"
"1972","Xdh"
"1973","Xist"
"1974","Xlr"
"1975","Xylt1"
"1976","Yod1"
"1977","Zbtb20"
"1978","Zc2hc1c"
"1979","Zc3h12a"
"1980","Zc3hav1"
"1981","Zcchc24"
"1982","Zcchc5"
"1983","Zdbf2"
"1984","Zeb2"
"1985","Zfhx3"
"1986","Zfhx4"
"1987","Zfp36"
"1988","Zfp36l1"
"1989","Zfp36l2"
"1990","Zfp503"
"1991","Zfp618"
"1992","Zfp703"
"1993","Zim1"
"1994","Zscan26"
