,0
0,1190002N15Rik
1,1200007C13Rik
2,1500009L16Rik
3,1500015O10Rik
4,1700086L19Rik
5,1810011O10Rik
6,1810041L15Rik
7,2010111I01Rik
8,2200002D01Rik
9,2810001G20Rik
10,2810417H13Rik
11,2810474O19Rik
12,3110079O15Rik
13,3222401L13Rik
14,3830403N18Rik
15,4930523C07Rik
16,5930412G12Rik
17,6330403K07Rik
18,8430408G22Rik
19,A230065H16Rik
20,A2m
21,A330069E16Rik
22,AW112010
23,AW551984
24,Aard
25,Abca1
26,Abca8a
27,Abca9
28,Abcc9
29,Abhd2
30,Abi3bp
31,Ablim1
32,Acan
33,Ace
34,Ackr3
35,Ackr4
36,Acot1
37,Acot2
38,Acox1
39,Acox3
40,Acp5
41,Acss3
42,Acta1
43,Acta2
44,Actg2
45,Adam12
46,Adam33
47,Adamdec1
48,Adamts1
49,Adamts14
50,Adamts15
51,Adamts18
52,Adamts2
53,Adamts4
54,Adamts5
55,Adamts8
56,Adamts9
57,Adamtsl1
58,Adamtsl3
59,Adap2
60,Adcy2
61,Adcyap1r1
62,Add3
63,Adgra2
64,Adgrd1
65,Adgrf5
66,Adgrg2
67,Adgrg6
68,Adgrl2
69,Adgrl3
70,Adh1
71,Adipoq
72,Adm
73,Adra2a
74,Adrb2
75,Adrb3
76,Aebp1
77,Afap1l2
78,Aff3
79,Agl
80,Agt
81,Agtr1a
82,Agtr2
83,Ahcyl2
84,Ahnak2
85,Ak3
86,Akap12
87,Akr1c14
88,Alas2
89,Alcam
90,Aldh1a2
91,Aldh1a3
92,Aldh3a1
93,Alox12
94,Alpl
95,Alx1
96,Amot
97,Amotl2
98,Amy1
99,Angpt1
100,Angpt2
101,Angpt4
102,Angptl1
103,Angptl2
104,Angptl4
105,Angptl7
106,Ank
107,Ank2
108,Ank3
109,Ankrd12
110,Ankrd37
111,Ankrd44
112,Anln
113,Ano1
114,Ano6
115,Anpep
116,Antxr1
117,Anxa1
118,Anxa3
119,Anxa8
120,Aoc3
121,Ap1s2
122,Apbb1ip
123,Apbb2
124,Apod
125,Apoe
126,Apold1
127,Aqp1
128,Ar
129,Arap2
130,Arc
131,Arhgap20
132,Arhgap24
133,Arhgap29
134,Arhgap6
135,Arhgdib
136,Arid5a
137,Arid5b
138,Arl4a
139,Arl4d
140,Arl6ip1
141,Arrdc3
142,Arrdc4
143,Arsi
144,Arsj
145,Art3
146,Asb4
147,Asf1b
148,Aspm
149,Aspn
150,Atad2
151,Atcayos
152,Atf3
153,Atf5
154,Atp1a2
155,Atp1b1
156,Atp1b2
157,Atp2b4
158,Atp6v0a4
159,Aurka
160,Aurkb
161,Avpr1a
162,Axl
163,B230312C02Rik
164,B3galnt1
165,B3galt2
166,B830012L14Rik
167,B930036N10Rik
168,BC028528
169,Bace2
170,Bach1
171,Baiap2
172,Bambi
173,Barx1
174,Barx2
175,Basp1
176,Batf3
177,Bcl11b
178,Bcl2
179,Bcl2l11
180,Bcl3
181,Bdnf
182,Bex1
183,Bex2
184,Bglap
185,Bglap2
186,Bglap3
187,Bhlhe40
188,Bhlhe41
189,Bicc1
190,Birc3
191,Birc5
192,Bmp2
193,Bmp2k
194,Bmp3
195,Bmp4
196,Bmp5
197,Bmp7
198,Bmp8a
199,Bmper
200,Bmx
201,Bnc2
202,Bnip3
203,Boc
204,Bok
205,Bst2
206,Btbd3
207,Btg2
208,Bub1
209,C1qa
210,C1qb
211,C1qc
212,C1qtnf2
213,C1qtnf3
214,C1qtnf4
215,C1qtnf7
216,C1ra
217,C1s1
218,C2
219,C2cd4b
220,C3
221,C4b
222,C5ar2
223,C6
224,Cadm1
225,Cadm3
226,Calca
227,Calcrl
228,Calml3
229,Caln1
230,Camk2n1
231,Camk4
232,Camp
233,Capg
234,Capn6
235,Caprin2
236,Car12
237,Car2
238,Car3
239,Car8
240,Casp12
241,Casp4
242,Casq2
243,Cav1
244,Cavin2
245,Cbfa2t3
246,Cbln1
247,Cbln2
248,Cbr3
249,Ccbe1
250,Ccdc102a
251,Ccdc3
252,Ccdc34
253,Ccdc80
254,Cck
255,Ccl11
256,Ccl19
257,Ccl2
258,Ccl3
259,Ccl5
260,Ccl7
261,Ccl9
262,Ccna2
263,Ccnb1
264,Ccnb2
265,Ccnd1
266,Ccnd2
267,Ccne1
268,Ccne2
269,Ccng2
270,Cd109
271,Cd1d1
272,Cd200
273,Cd248
274,Cd24a
275,Cd27
276,Cd34
277,Cd36
278,Cd44
279,Cd52
280,Cd55
281,Cd59a
282,Cd74
283,Cd79a
284,Cd83
285,Cd93
286,Cdc20
287,Cdc42ep2
288,Cdc42ep3
289,Cdca3
290,Cdca8
291,Cdh11
292,Cdh13
293,Cdh15
294,Cdh2
295,Cdh4
296,Cdh5
297,Cdk1
298,Cdk6
299,Cdkn1a
300,Cdkn1b
301,Cdkn1c
302,Cdkn2c
303,Cdkn3
304,Cdo1
305,Cdon
306,Cebpa
307,Cebpb
308,Celf2
309,Celf4
310,Cemip
311,Cenpa
312,Cenpe
313,Cenpf
314,Cenpm
315,Cenpw
316,Cers4
317,Cfb
318,Cfh
319,Cgnl1
320,Cgref1
321,Ch25h
322,Chad
323,Chadl
324,Chchd10
325,Chd7
326,Chil1
327,Chka
328,Chl1
329,Chn1
330,Chodl
331,Chrdl1
332,Chst1
333,Chst11
334,Chst2
335,Cilp
336,Cilp2
337,Cited1
338,Cited2
339,Ckap2
340,Ckap2l
341,Ckb
342,Cks2
343,Cldn1
344,Cldn10
345,Cldn11
346,Cldn5
347,Clec11a
348,Clec14a
349,Clec2d
350,Clec3b
351,Clspn
352,Clu
353,Cmtm3
354,Cmtm5
355,Cmtm8
356,Cnn1
357,Cnn2
358,Cnnm1
359,Cnrip1
360,Cntfr
361,Cntn1
362,Cntnap2
363,Cobl
364,Coch
365,Col10a1
366,Col11a1
367,Col11a2
368,Col12a1
369,Col13a1
370,Col14a1
371,Col15a1
372,Col16a1
373,Col18a1
374,Col1a1
375,Col22a1
376,Col23a1
377,Col24a1
378,Col25a1
379,Col26a1
380,Col27a1
381,Col2a1
382,Col3a1
383,Col4a1
384,Col4a2
385,Col5a1
386,Col5a2
387,Col5a3
388,Col6a3
389,Col6a5
390,Col6a6
391,Col8a1
392,Col8a2
393,Col9a1
394,Col9a2
395,Col9a3
396,Colec11
397,Colgalt2
398,Comp
399,Coro1a
400,Cotl1
401,Cox4i2
402,Cox6b2
403,Cp
404,Cpe
405,Cped1
406,Cpm
407,Cpne8
408,Cpq
409,Cpxm1
410,Cpxm2
411,Cpz
412,Crabp1
413,Crabp2
414,Creb3l1
415,Creb3l3
416,Creb5
417,Crim1
418,Crip1
419,Crip2
420,Crispld1
421,Crispld2
422,Crlf1
423,Cryab
424,Crym
425,Csf1
426,Csgalnact1
427,Csmd1
428,Cspg4
429,Csrnp1
430,Csrp1
431,Csrp2
432,Cst6
433,Ctgf
434,Cthrc1
435,Ctla2a
436,Ctsc
437,Ctsh
438,Ctsk
439,Ctsw
440,Cttnbp2
441,Cx3cl1
442,Cx3cr1
443,Cxadr
444,Cxcl1
445,Cxcl10
446,Cxcl12
447,Cxcl13
448,Cxcl14
449,Cxcl16
450,Cxcl2
451,Cxcl5
452,Cxcl9
453,Cybb
454,Cyfip2
455,Cygb
456,Cyp1b1
457,Cyp26a1
458,Cyp26b1
459,Cyp51
460,Cyr61
461,Cys1
462,Cystm1
463,Cytl1
464,Daam2
465,Dab2
466,Dact1
467,Dapk1
468,Dapk2
469,Dapl1
470,Dbp
471,Dclk1
472,Dcn
473,Dcx
474,Ddah1
475,Ddah2
476,Ddit3
477,Ddit4
478,Ddit4l
479,Ddx3y
480,Dennd5b
481,Depdc1a
482,Deptor
483,Des
484,Dhfr
485,Dhrs3
486,Dhx58os
487,Dio2
488,Dio3
489,Dkk1
490,Dkk2
491,Dkk3
492,Dlg5
493,Dlgap1
494,Dlgap5
495,Dlk1
496,Dlx3
497,Dlx5
498,Dlx6
499,Dmd
500,Dmkn
501,Dmp1
502,Dnajb1
503,Dnajb4
504,Dnajb9
505,Dnm3
506,Dnm3os
507,Dock10
508,Dpep1
509,Dpp4
510,Dpt
511,Dpysl3
512,Dqx1
513,Dtl
514,Dusp1
515,Dusp10
516,Dusp14
517,Dusp2
518,Dusp3
519,Dusp5
520,Dusp6
521,E130114P18Rik
522,E330013P04Rik
523,Ebf1
524,Ebf2
525,Ebf3
526,Ece1
527,Ecm1
528,Ecm2
529,Edar
530,Edil3
531,Edn1
532,Ednra
533,Eepd1
534,Efemp1
535,Efhd1
536,Efna5
537,Efnb2
538,Egfl6
539,Egfl7
540,Egfr
541,Egr1
542,Egr2
543,Egr4
544,Ehd3
545,Eif2s3y
546,Ell2
547,Elmo1
548,Eln
549,Elovl4
550,Emb
551,Emcn
552,Emilin2
553,Emp1
554,Emx2
555,En1
556,Enc1
557,Eng
558,Enho
559,Eno3
560,Enpep
561,Enpp1
562,Enpp2
563,Enpp5
564,Enpp6
565,Entpd2
566,Entpd3
567,Epas1
568,Epb41l4b
569,Epcam
570,Epdr1
571,Epha3
572,Epha4
573,Epha5
574,Epha7
575,Eps8l2
576,Epyc
577,Erg
578,Errfi1
579,Esam
580,Esco2
581,Esm1
582,Esr1
583,Ets1
584,Ets2
585,Etv1
586,Etv5
587,Eva1a
588,Eva1c
589,Eya1
590,Eya2
591,Ezr
592,F13a1
593,F2r
594,F3
595,F5
596,F830016B08Rik
597,Fabp3
598,Fabp4
599,Fabp5
600,Fabp7
601,Fam101a
602,Fam102b
603,Fam107b
604,Fam111a
605,Fam129a
606,Fam13a
607,Fam174b
608,Fam180a
609,Fam181b
610,Fam198b
611,Fam19a5
612,Fam20a
613,Fam20c
614,Fam212a
615,Fam213a
616,Fam43a
617,Fam46a
618,Fam64a
619,Fam69a
620,Fam71a
621,Fam78b
622,Fam89a
623,Fap
624,Fat3
625,Fat4
626,Fblim1
627,Fbln1
628,Fbln2
629,Fbln5
630,Fbln7
631,Fbn1
632,Fbn2
633,Fbxo32
634,Fbxo5
635,Fcer1g
636,Fdft1
637,Fdps
638,Fez1
639,Ffar4
640,Fgd4
641,Fgd6
642,Fgf18
643,Fgf7
644,Fgf9
645,Fgfr2
646,Fgfr3
647,Fgfrl1
648,Fgl2
649,Fhl1
650,Fhl2
651,Fibin
652,Fign
653,Filip1l
654,Fjx1
655,Fkbp11
656,Flnc
657,Flrt2
658,Flrt3
659,Flt1
660,Fmo1
661,Fmo2
662,Fmod
663,Fn1
664,Fndc1
665,Folr2
666,Fos
667,Fosb
668,Fosl1
669,Fosl2
670,Foxa3
671,Foxc1
672,Foxc2
673,Foxd1
674,Foxo3
675,Foxp1
676,Foxp2
677,Foxq1
678,Foxs1
679,Frmd4a
680,Frmd4b
681,Frmd6
682,Fry
683,Frzb
684,Fst
685,Fstl1
686,Fxyd2
687,Fxyd3
688,Fxyd5
689,Fxyd6
690,Fxyd7
691,Fyn
692,Fzd1
693,Fzd4
694,Fzd5
695,Fzd8
696,Fzd9
697,G0s2
698,Gadd45a
699,Gadd45b
700,Gadd45g
701,Gal
702,Gale
703,Galnt16
704,Galr2
705,Gap43
706,Gas1
707,Gas2
708,Gas6
709,Gas7
710,Gbp2
711,Gbp3
712,Gbp5
713,Gbp7
714,Gclc
715,Gcnt2
716,Gdf10
717,Gdf15
718,Gdf5
719,Gdf6
720,Gdpd2
721,Gdpd3
722,Gem
723,Gfod2
724,Gfpt2
725,Gfra1
726,Gfra2
727,Ggt5
728,Ghr
729,Gimap6
730,Gja1
731,Gja4
732,Gjb2
733,Gjc1
734,Glipr2
735,Glrx
736,Glul
737,Gm10600
738,Gm11713
739,Gm12216
740,Gm12840
741,Gm13075
742,Gm13889
743,Gm14964
744,Gm15222
745,Gm15261
746,Gm16685
747,Gm17056
748,Gm17455
749,Gm26523
750,Gm26532
751,Gm266
752,Gm26632
753,Gm26648
754,Gm26724
755,Gm26735
756,Gm26737
757,Gm26771
758,Gm26772
759,Gm26802
760,Gm26870
761,Gm26909
762,Gm26917
763,Gm2694
764,Gm2a
765,Gm36266
766,Gm43409
767,Gm4841
768,Gm4951
769,Gm525
770,Gm5483
771,Gmfg
772,Gmnn
773,Gnai1
774,Gnao1
775,Gng11
776,Gpc1
777,Gpc3
778,Gpc6
779,Gpha2
780,Gpm6b
781,Gpnmb
782,Gpr171
783,Gpr50
784,Gpr88
785,Gprc5a
786,Gprc5c
787,Gprin3
788,Gpsm3
789,Gpx3
790,Grasp
791,Grb14
792,Grem1
793,Grem2
794,Gria1
795,Gria3
796,Grina
797,Grp
798,Gsc
799,Gsn
800,Gsta4
801,Gstm1
802,Gstm2
803,Gstt1
804,Guca1a
805,Gucy1a3
806,Gulp1
807,Gxylt2
808,Gypa
809,Gzme
810,H19
811,H1f0
812,H1fx
813,H2-Aa
814,H2-Ab1
815,H2-D1
816,H2-DMa
817,H2-DMb1
818,H2-K1
819,H2-Q10
820,H2-Q4
821,H2-Q6
822,H2-Q7
823,H2-T23
824,H2afx
825,Hacd4
826,Hand2
827,Hapln1
828,Has1
829,Has2
830,Hba-a1
831,Hba-a2
832,Hbb-bs
833,Hbb-bt
834,Hbegf
835,Hcar2
836,Hdac7
837,Heg1
838,Hells
839,Heph
840,Hes1
841,Hexim1
842,Hey1
843,Heyl
844,Hgf
845,Hhip
846,Hic1
847,Higd1b
848,Hilpda
849,Hist1h1a
850,Hist1h1b
851,Hist1h1c
852,Hist1h1d
853,Hist1h1e
854,Hist1h2ae
855,Hist1h2ap
856,Hist1h2bc
857,Hist1h3c
858,Hist1h4d
859,Hist1h4i
860,Hist3h2a
861,Hist3h2ba
862,Hist4h4
863,Hivep2
864,Hivep3
865,Hk2
866,Hlf
867,Hmcn1
868,Hmga2
869,Hmgb2
870,Hmgcll1
871,Hmgcr
872,Hmgcs1
873,Hmgcs2
874,Hmgn5
875,Hmmr
876,Hmox1
877,Hopx
878,Hoxa9
879,Hoxb2
880,Hoxb4
881,Hoxd9
882,Hp
883,Hpgd
884,Hrc
885,Hrct1
886,Hs3st1
887,Hs3st3a1
888,Hs3st3b1
889,Hs3st6
890,Hs6st2
891,Hsd11b1
892,Hsd11b2
893,Hsf2
894,Hsf2bp
895,Hspa1a
896,Hspa1b
897,Hspb1
898,Hspb8
899,Htra1
900,Htra3
901,Hvcn1
902,Ibsp
903,Icam1
904,Id1
905,Id2
906,Id4
907,Idi1
908,Ier2
909,Ier3
910,Ier5
911,Ier5l
912,Ifi203
913,Ifi204
914,Ifi27l2a
915,Ifi44
916,Ifi47
917,Ifih1
918,Ifit1
919,Ifit3
920,Ifitm1
921,Ifitm3
922,Ifitm5
923,Ifrd1
924,Igf1
925,Igf2
926,Igfbp2
927,Igfbp3
928,Igfbp4
929,Igfbp5
930,Igfbp6
931,Igfbp7
932,Igsf10
933,Igsf3
934,Igtp
935,Ihh
936,Iigp1
937,Ikzf2
938,Il11
939,Il11ra1
940,Il12a
941,Il15
942,Il17b
943,Il17d
944,Il17ra
945,Il1b
946,Il1r1
947,Il1rl1
948,Il1rn
949,Il33
950,Il34
951,Il4ra
952,Il6
953,Il7
954,Ildr2
955,Incenp
956,Inhba
957,Insc
958,Insig1
959,Irf1
960,Irf7
961,Irf8
962,Irgm1
963,Irgm2
964,Irs2
965,Irx1
966,Irx3
967,Irx5
968,Isg15
969,Islr
970,Ism1
971,Itga1
972,Itga10
973,Itga11
974,Itga6
975,Itga7
976,Itga8
977,Itga9
978,Itgb3
979,Itgbl1
980,Itih5
981,Itm2a
982,Itpr2
983,Jag1
984,Jam2
985,Jdp2
986,Jun
987,Junb
988,Jup
989,Kalrn
990,Kank1
991,Kazald1
992,Kazn
993,Kbtbd11
994,Kcne4
995,Kcnj2
996,Kcnj8
997,Kcnk1
998,Kcnk2
999,Kcnk3
1000,Kcnma1
1001,Kcnn4
1002,Kcnq1ot1
1003,Kcnq3
1004,Kctd12
1005,Kdm6b
1006,Kdm7a
1007,Kdr
1008,Kera
1009,Khdrbs2
1010,Kif11
1011,Kif15
1012,Kif20a
1013,Kif20b
1014,Kif22
1015,Kif23
1016,Kif2c
1017,Kit
1018,Kitl
1019,Klf10
1020,Klf2
1021,Klf3
1022,Klf4
1023,Klf5
1024,Klf6
1025,Klf7
1026,Klf9
1027,Klhdc8b
1028,Klhl24
1029,Kng1
1030,Kng2
1031,Knstrn
1032,Kpna2
1033,Krt18
1034,Krt19
1035,Krtap17-1
1036,Krtdap
1037,Ksr1
1038,Lama2
1039,Lama4
1040,Lamb1
1041,Lamc1
1042,Lamc3
1043,Laptm5
1044,Lars2
1045,Lbh
1046,Lbp
1047,Lcn2
1048,Lcp2
1049,Ldb2
1050,Ldhb
1051,Ldlr
1052,Lect1
1053,Lef1
1054,Lepr
1055,Lfng
1056,Lgals1
1057,Lgals3
1058,Lgals3bp
1059,Lgals4
1060,Lgals7
1061,Lgals9
1062,Lgi1
1063,Lgr4
1064,Lgr5
1065,Lgr6
1066,Lhfpl2
1067,Lifr
1068,Lig1
1069,Lima1
1070,Limch1
1071,Lin7a
1072,Lipc
1073,Lix1
1074,Lmcd1
1075,Lmnb1
1076,Lmo1
1077,Lmo2
1078,Lmo7
1079,Lmod1
1080,Lockd
1081,Lox
1082,Loxl1
1083,Loxl2
1084,Loxl3
1085,Loxl4
1086,Lpar3
1087,Lpar4
1088,Lpar6
1089,Lpl
1090,Lrg1
1091,Lrig3
1092,Lrp4
1093,Lrp5
1094,Lrrc15
1095,Lrrc17
1096,Lrrc8a
1097,Lrrn1
1098,Lrrn3
1099,Lrrn4cl
1100,Lsamp
1101,Lsmem1
1102,Lsp1
1103,Lsr
1104,Ltbp1
1105,Ltbp2
1106,Ltbp4
1107,Lum
1108,Lurap1l
1109,Ly6a
1110,Ly6c1
1111,Ly6d
1112,Ly6e
1113,Ly6h
1114,Ly6k
1115,Lypd1
1116,Lyz2
1117,M1ap
1118,Mab21l2
1119,Maf
1120,Mafb
1121,Maff
1122,Mamdc2
1123,Man1a
1124,Man2a1
1125,Maob
1126,Map1b
1127,Marc1
1128,Marcksl1
1129,Marf1
1130,Mark1
1131,Matn1
1132,Matn2
1133,Matn3
1134,Matn4
1135,Mcam
1136,Mcm3
1137,Mcm5
1138,Mcm6
1139,Mdfi
1140,Mdfic
1141,Mdk
1142,Mecom
1143,Medag
1144,Mef2c
1145,Meg3
1146,Megf6
1147,Meis2
1148,Meox1
1149,Meox2
1150,Mepe
1151,Mest
1152,Metrnl
1153,Mettl7a1
1154,Mfap2
1155,Mfap4
1156,Mfap5
1157,Mfge8
1158,Mfi2
1159,Mgll
1160,Mgmt
1161,Mgp
1162,Mgst1
1163,Mgst3
1164,Mia
1165,Mical3
1166,Milr1
1167,Mir143hg
1168,Mirg
1169,Mis18bp1
1170,Mki67
1171,Mkx
1172,Mlf1
1173,Mlip
1174,Mllt3
1175,Mme
1176,Mmp10
1177,Mmp11
1178,Mmp13
1179,Mmp16
1180,Mmp19
1181,Mmp2
1182,Mmp23
1183,Mmp3
1184,Mmp9
1185,Mn1
1186,Mnda
1187,Mndal
1188,Moxd1
1189,Mpdz
1190,Mpp6
1191,Mpped2
1192,Mrap
1193,Mrc2
1194,Mrps6
1195,Ms4a4d
1196,Msc
1197,Msi2
1198,Msmo1
1199,Mstn
1200,Msx1
1201,Msx2
1202,Mt1
1203,Mt2
1204,Mt3
1205,Mtss1
1206,Mustn1
1207,Mxd1
1208,Mxd3
1209,Mxi1
1210,Myc
1211,Myh11
1212,Myl1
1213,Myl9
1214,Mylip
1215,Mylk
1216,Myo10
1217,Myo1b
1218,Myoc
1219,Naalad2
1220,Nav2
1221,Nav3
1222,Nbl1
1223,Ncald
1224,Ncam1
1225,Ncmap
1226,Ndc80
1227,Ndnf
1228,Ndrg1
1229,Ndrg2
1230,Ndufa4l2
1231,Neat1
1232,Nedd9
1233,Nefl
1234,Nefm
1235,Negr1
1236,Nell2
1237,Nes
1238,Net1
1239,Nexn
1240,Nfatc1
1241,Nfatc2
1242,Nfatc4
1243,Nfia
1244,Nfib
1245,Nfil3
1246,Nfkbia
1247,Nfkbie
1248,Nfkbiz
1249,Ngf
1250,Ngfr
1251,Ngp
1252,Nhs
1253,Nid1
1254,Nid2
1255,Nim1k
1256,Ninj1
1257,Ninl
1258,Nkd1
1259,Nkd2
1260,Nnat
1261,Nnmt
1262,Nog
1263,Nol4l
1264,Nos1ap
1265,Notch1
1266,Notch2
1267,Notch3
1268,Notum
1269,Nov
1270,Npnt
1271,Nppc
1272,Npr1
1273,Npr3
1274,Npy
1275,Npy1r
1276,Nr1d1
1277,Nr2f1
1278,Nr2f2
1279,Nr4a1
1280,Nr4a2
1281,Nr4a3
1282,Nrarp
1283,Nrep
1284,Nrgn
1285,Nrip1
1286,Nrip2
1287,Nrk
1288,Nrn1
1289,Nrp1
1290,Nrp2
1291,Nrtn
1292,Nrxn1
1293,Nsg1
1294,Nt5e
1295,Ntf3
1296,Ntm
1297,Ntn1
1298,Ntn4
1299,Ntng1
1300,Ntrk2
1301,Ntrk3
1302,Nuak1
1303,Nuf2
1304,Nupr1
1305,Nusap1
1306,Oasl2
1307,Ociad2
1308,Odc1
1309,Ogn
1310,Olfml1
1311,Olfml2a
1312,Olfml2b
1313,Olfml3
1314,Olfr558
1315,Omd
1316,Ooep
1317,Opcml
1318,Osmr
1319,Osr1
1320,Osr2
1321,Ostn
1322,Otor
1323,Otos
1324,Otud1
1325,P2ry14
1326,P3h2
1327,P4ha2
1328,P4ha3
1329,Palld
1330,Palmd
1331,Pam
1332,Pamr1
1333,Pantr1
1334,Panx3
1335,Pappa
1336,Pappa2
1337,Papss2
1338,Pard6g
1339,Parm1
1340,Parp14
1341,Pawr
1342,Pax1
1343,Pax9
1344,Pbk
1345,Pbx1
1346,Pcdh10
1347,Pcdh11x
1348,Pcdh17
1349,Pcdh18
1350,Pcdh19
1351,Pcdh7
1352,Pcdh9
1353,Pcdhb17
1354,Pcdhb7
1355,Pcdhb9
1356,Pcolce2
1357,Pcp4
1358,Pcp4l1
1359,Pcsk1n
1360,Pcsk5
1361,Pcsk6
1362,Pde10a
1363,Pde1a
1364,Pde2a
1365,Pde3a
1366,Pde4b
1367,Pde5a
1368,Pdgfa
1369,Pdgfc
1370,Pdgfra
1371,Pdgfrb
1372,Pdgfrl
1373,Pdk4
1374,Pdlim1
1375,Pdlim2
1376,Pdlim3
1377,Pdlim4
1378,Pdlim5
1379,Pdpn
1380,Pdzd2
1381,Pdzrn4
1382,Peak1
1383,Pear1
1384,Pecam1
1385,Peg10
1386,Peg3
1387,Peli1
1388,Penk
1389,Per3
1390,Perp
1391,Pf4
1392,Pgam2
1393,Pgf
1394,Pglyrp1
1395,Phactr1
1396,Phactr2
1397,Phex
1398,Phf11d
1399,Phgdh
1400,Phip
1401,Phkg1
1402,Phlda1
1403,Phlda2
1404,Phlda3
1405,Phldb2
1406,Pi15
1407,Pi16
1408,Pid1
1409,Piezo2
1410,Pik3ip1
1411,Pik3r1
1412,Pim1
1413,Pim3
1414,Pitpnc1
1415,Pitx1
1416,Pitx2
1417,Pkdcc
1418,Pla1a
1419,Pla2g16
1420,Pla2g5
1421,Plac8
1422,Plagl1
1423,Plat
1424,Plaur
1425,Plcb1
1426,Plce1
1427,Plekhg2
1428,Plekhh2
1429,Plin2
1430,Plk1
1431,Plk2
1432,Plod2
1433,Plpp1
1434,Plpp3
1435,Plppr3
1436,Plscr1
1437,Plscr2
1438,Pltp
1439,Plvap
1440,Plxdc2
1441,Plxna2
1442,Plxnd1
1443,Pmaip1
1444,Pmp22
1445,Podn
1446,Podnl1
1447,Postn
1448,Pou2f2
1449,Pou3f1
1450,Pou3f3
1451,Ppa1
1452,Pparg
1453,Ppbp
1454,Ppfibp2
1455,Ppm1n
1456,Ppp1r14a
1457,Ppp1r15a
1458,Ppp1r1b
1459,Ppp1r3c
1460,Ppp2r2b
1461,Prc1
1462,Prcp
1463,Prdm11
1464,Prdm16
1465,Prelp
1466,Prg4
1467,Prkab2
1468,Prkcd
1469,Prkg2
1470,Prlr
1471,Prnp
1472,Procr
1473,Prr15
1474,Prr16
1475,Prrx1
1476,Prrx2
1477,Prss12
1478,Prss23
1479,Prss35
1480,Prss50
1481,Psd4
1482,Psmb8
1483,Psmb9
1484,Psrc1
1485,Ptch1
1486,Ptchd1
1487,Ptchd4
1488,Ptcra
1489,Ptger3
1490,Ptger4
1491,Ptges
1492,Ptgfr
1493,Ptgis
1494,Ptgs2
1495,Pth1r
1496,Pthlh
1497,Ptn
1498,Ptp4a3
1499,Ptpn18
1500,Ptprd
1501,Ptpre
1502,Ptprs
1503,Ptprz1
1504,Ptx3
1505,Ptx4
1506,Pxdc1
1507,Pxdn
1508,Pycard
1509,Pygl
1510,Qpct
1511,R3hdml
1512,RP23-457J22.1
1513,Rab20
1514,Rab27b
1515,Rab3il1
1516,Rac2
1517,Racgap1
1518,Rad51ap1
1519,Rad51ap2
1520,Rai14
1521,Ralgps2
1522,Ramp1
1523,Ramp2
1524,Ramp3
1525,Rap2b
1526,Rapgef3
1527,Rapgef4
1528,Raph1
1529,Rarb
1530,Rarres2
1531,Rasa4
1532,Rasd1
1533,Rasgrp2
1534,Rasl11a
1535,Rasl11b
1536,Rassf2
1537,Rbms3
1538,Rbp1
1539,Rbp4
1540,Rbpms
1541,Rcan1
1542,Rdh10
1543,Rerg
1544,Retn
1545,Retnlg
1546,Rftn1
1547,Rgcc
1548,Rgs10
1549,Rgs16
1550,Rgs2
1551,Rgs3
1552,Rgs4
1553,Rgs5
1554,Rgs7bp
1555,Rhob
1556,Rhoj
1557,Ric1
1558,Rin2
1559,Rmnd1
1560,Rnase4
1561,Rnasel
1562,Rnd1
1563,Rnd3
1564,Rnf213
1565,Robo2
1566,Rom1
1567,Rora
1568,Rpgrip1
1569,Rpl39l
1570,Rprm
1571,Rrad
1572,Rrm1
1573,Rrm2
1574,Rsad2
1575,Rspo1
1576,Rspo2
1577,Rspo3
1578,Rtn1
1579,Rtp4
1580,Runx1
1581,Runx1t1
1582,Runx2
1583,Runx3
1584,S100a1
1585,S100a16
1586,S100a4
1587,S100a6
1588,S100a8
1589,S100a9
1590,S100b
1591,S1pr1
1592,S1pr3
1593,Saa1
1594,Saa3
1595,Sag
1596,Samd4
1597,Samd9l
1598,Samhd1
1599,Sat1
1600,Satb1
1601,Satb2
1602,Sbsn
1603,Sbspon
1604,Scara3
1605,Scara5
1606,Scd1
1607,Scd2
1608,Scg2
1609,Scg3
1610,Scin
1611,Scrg1
1612,Scube3
1613,Scx
1614,Sdc1
1615,Sdc3
1616,Sdc4
1617,Sdk2
1618,Sdpr
1619,Selenbp1
1620,Sema3a
1621,Sema3b
1622,Sema3c
1623,Sema3d
1624,Sema3e
1625,Sema5a
1626,Sema6a
1627,Sema6d
1628,Sema7a
1629,Sepp1
1630,Sept4
1631,Serinc5
1632,Serpina12
1633,Serpina1a
1634,Serpina1b
1635,Serpina1d
1636,Serpina3c
1637,Serpina3f
1638,Serpina3g
1639,Serpina3n
1640,Serpinb1a
1641,Serpine1
1642,Serpine2
1643,Serpinf1
1644,Serping1
1645,Sertad4
1646,Setbp1
1647,Sfn
1648,Sfrp1
1649,Sfrp2
1650,Sfrp4
1651,Sfrp5
1652,Sgk1
1653,Sgms2
1654,Sh3pxd2b
1655,Shisa2
1656,Shisa3
1657,Shisa4
1658,Shox2
1659,Shroom3
1660,Sik1
1661,Six1
1662,Six2
1663,Skil
1664,Slc12a2
1665,Slc13a5
1666,Slc16a2
1667,Slc16a3
1668,Slc16a9
1669,Slc1a3
1670,Slc1a5
1671,Slc20a1
1672,Slc20a2
1673,Slc24a5
1674,Slc26a2
1675,Slc26a7
1676,Slc2a1
1677,Slc2a3
1678,Slc36a2
1679,Slc38a1
1680,Slc38a11
1681,Slc38a6
1682,Slc39a1
1683,Slc40a1
1684,Slc4a1
1685,Slc5a3
1686,Slc6a6
1687,Slc7a11
1688,Slc8a3
1689,Slc9a3r1
1690,Slco1a4
1691,Slco2a1
1692,Slfn5
1693,Slfn8
1694,Slfn9
1695,Slit2
1696,Slit3
1697,Slitrk6
1698,Slpi
1699,Slurp1
1700,Smad6
1701,Smad7
1702,Smagp
1703,Smc2
1704,Smc4
1705,Smim1
1706,Smim3
1707,Smim5
1708,Smoc1
1709,Smoc2
1710,Smpd3
1711,Smpdl3a
1712,Snai1
1713,Snai2
1714,Snca
1715,Sncg
1716,Sned1
1717,Snhg11
1718,Sobp
1719,Socs1
1720,Socs2
1721,Socs3
1722,Sod3
1723,Sorbs2
1724,Sost
1725,Sostdc1
1726,Sowahc
1727,Sox11
1728,Sox4
1729,Sox5
1730,Sox6
1731,Sox8
1732,Sox9
1733,Sp100
1734,Sp7
1735,Spaca6
1736,Sparcl1
1737,Spc24
1738,Spc25
1739,Speg
1740,Sphk1
1741,Spint2
1742,Spns2
1743,Spock3
1744,Spon1
1745,Spon2
1746,Spp1
1747,Spry1
1748,Spry2
1749,Spry4
1750,Spsb1
1751,Sqle
1752,Srgn
1753,Srm
1754,Srpx2
1755,Srxn1
1756,Ssc5d
1757,Ssh2
1758,Sstr2
1759,St3gal6
1760,St5
1761,St8sia2
1762,Stat1
1763,Stat2
1764,Stat5a
1765,Stc1
1766,Stc2
1767,Steap3
1768,Steap4
1769,Stfa3
1770,Stk26
1771,Stmn1
1772,Stmn2
1773,Stmn4
1774,Stox2
1775,Stra6
1776,Stxbp6
1777,Sulf1
1778,Sulf2
1779,Sult1a1
1780,Sult5a1
1781,Susd2
1782,Susd5
1783,Svep1
1784,Svil
1785,Syne1
1786,Syne2
1787,Synm
1788,Synpo
1789,Syt6
1790,Syt8
1791,Tac1
1792,Tacc3
1793,Tagln
1794,Tagln2
1795,Tbx18
1796,Tbx2
1797,Tbx3os1
1798,Tbxa2r
1799,Tc2n
1800,Tcea3
1801,Tceal3
1802,Tcf15
1803,Tcf19
1804,Tcf7l2
1805,Tcn2
1806,Tcp11l2
1807,Tef
1808,Tek
1809,Tenm3
1810,Tenm4
1811,Tesc
1812,Tfap2b
1813,Tfpi
1814,Tfpi2
1815,Tfrc
1816,Tgfb1
1817,Tgfb1i1
1818,Tgfb2
1819,Tgfb3
1820,Tgfbi
1821,Tgfbr3
1822,Tgif1
1823,Tgm2
1824,Thbd
1825,Thbs1
1826,Thbs2
1827,Thbs3
1828,Thbs4
1829,Thsd4
1830,Thsd7a
1831,Thy1
1832,Tifa
1833,Timp1
1834,Timp3
1835,Timp4
1836,Tinagl1
1837,Tiparp
1838,Tk1
1839,Tle2
1840,Tln2
1841,Tm4sf1
1842,Tmeff2
1843,Tmem100
1844,Tmem119
1845,Tmem140
1846,Tmem158
1847,Tmem176a
1848,Tmem176b
1849,Tmem178
1850,Tmem2
1851,Tmem204
1852,Tmem213
1853,Tmem26
1854,Tmem37
1855,Tmem51
1856,Tmem86a
1857,Tmem97
1858,Tmod2
1859,Tmpo
1860,Tmtc2
1861,Tmx4
1862,Tnc
1863,Tnfaip2
1864,Tnfaip3
1865,Tnfaip6
1866,Tnfrsf11b
1867,Tnfrsf12a
1868,Tnfrsf19
1869,Tnfrsf21
1870,Tnfsf11
1871,Tnfsf9
1872,Tnmd
1873,Tnn
1874,Tnni1
1875,Tnni2
1876,Tnnt3
1877,Tns1
1878,Tns3
1879,Tnxb
1880,Tob1
1881,Tob2
1882,Top2a
1883,Tox
1884,Tpbg
1885,Tpd52l1
1886,Tpm2
1887,Tppp3
1888,Tpx2
1889,Trabd2b
1890,Trf
1891,Trib1
1892,Trib2
1893,Tril
1894,Trim12a
1895,Trim2
1896,Trim47
1897,Trp53i11
1898,Trp53inp1
1899,Trps1
1900,Trpv4
1901,Tsc22d3
1902,Tshz2
1903,Tslp
1904,Tspan11
1905,Tspan12
1906,Tspan13
1907,Tspan15
1908,Tspan18
1909,Tspan2
1910,Tspan4
1911,Tspan7
1912,Tspan8
1913,Tspo
1914,Ttc21a
1915,Ttyh2
1916,Ttyh3
1917,Tuba1c
1918,Tuba4a
1919,Tubb2a
1920,Tubb2b
1921,Tubb3
1922,Tubb4b
1923,Tubb6
1924,Tusc5
1925,Twist1
1926,Twist2
1927,Txnip
1928,Tyms
1929,Tyrobp
1930,Uba7
1931,Ube2c
1932,Ube2l6
1933,Uchl1
1934,Ucma
1935,Ucp2
1936,Ugdh
1937,Uhrf1
1938,Unc5b
1939,Unc5c
1940,Ung
1941,Upk1b
1942,Usp18
1943,Usp2
1944,Usp53
1945,Uvssa
1946,Vamp5
1947,Vcam1
1948,Vcan
1949,Vcl
1950,Vdr
1951,Vegfa
1952,Vegfc
1953,Vit
1954,Vldlr
1955,Vpreb3
1956,Vstm4
1957,Vtn
1958,Vwa1
1959,Wdr86
1960,Wfdc1
1961,Wfdc12
1962,Wfdc2
1963,Wfdc21
1964,Wfikkn2
1965,Wif1
1966,Wisp1
1967,Wisp2
1968,Wnk4
1969,Wnt11
1970,Wnt16
1971,Wnt2
1972,Wnt4
1973,Wnt5b
1974,Wnt9a
1975,Wwp2
1976,Xaf1
1977,Xdh
1978,Xist
1979,Xlr
1980,Xylt1
1981,Yod1
1982,Zbtb20
1983,Zc2hc1c
1984,Zc3h12a
1985,Zc3hav1
1986,Zcchc24
1987,Zcchc5
1988,Zdbf2
1989,Zeb2
1990,Zfhx3
1991,Zfhx4
1992,Zfp36
1993,Zfp36l1
1994,Zfp36l2
1995,Zfp503
1996,Zfp618
1997,Zfp703
1998,Zim1
1999,Zscan26
